Название,Тип,WhatsApp,Email,Instagram,Страница,Детали,Приоритет,Написал,Цена 3 ночи,Цена наличными,Есть места,Заметки
Турофис Пирамидес,диспетчер,wa.me/5492804994538,,,puertopiramides.gov.ar,Официальный офис - подскажут у кого есть места. Бесплатно,ВЫСОКИЙ,,,,,Начни с них
Casa Finisterre,дом,wa.me/5492216153006,casapiramides@gmail.com,@finisterrepiramides,finisterrepiramides.com,Booking 9.6. Дом на 5 чел кухня терраса BBQ велосипеды 150м от пляжа. Скидка 10% от 4 ночей,ВЫСОКИЙ,,,,,Airbnb 200 USD за ночь - спросить прямую цену
La Morada de Lola,дом,wa.me/5492804191214,casaspuertopiramides@gmail.com,,puertopiramides.gov.ar/accommodation,МУЛЬТИ - та же контора держит Siempre Verde Espacio Verde Latitud,ВЫСОКИЙ,,,,,Одно сообщение = 4 объекта
Casa de Mar,дом/квартира,wa.me/5492804001112,almaralquilerestemporarios@gmail.com,,puertopiramides.gov.ar/accommodation,МУЛЬТИ - контора Almar также Mar de Olivillos Playa de Ensueno,ВЫСОКИЙ,,,,,Одно сообщение = 3 объекта
El Capitan,cabaña,wa.me/5492804578779,piramideselcapitan@gmail.com,@alquiler.puertopiramides,welcomeargentina.com/puertopiramides/bungalows-el-capitan.html,Wi-Fi можно с животными,ВЫСОКИЙ,,,,,
La Posta,bungalow,wa.me/5492804197787,lapostapiramides@gmail.com,@lapostapiramides,lapostapiramides.com.ar,2 спальни центр парковка Wi-Fi. Помогают со скидкой на лодку,ВЫСОКИЙ,,,,,Контакт подтверждён дважды
El Atardecer,bungalow,,,,welcomeargentina.com/puertopiramides/departamentos-el-atardecer.html,ВИД НА МОРЕ прямо на пляже,ВЫСОКИЙ,,,,,Отличное расположение
La Casa del Mirador,bungalow,,,,welcomeargentina.com/puertopiramides/bungalows-la-casa-del-mirador.html,Wi-Fi ВИД НА МОРЕ можно с животными,ВЫСОКИЙ,,,,,
Franca del Sur,bungalow,wa.me/5492804601231,francadelsur@hotmail.com.ar,@francadelsur,welcomeargentina.com/puertopiramides/bungalows-franca-del-sur.html,Wi-Fi можно с животными,СРЕДНИЙ,,,,,
El Coiron,bungalow,wa.me/5492804639613,,@coironpiramides,puertopiramides.gov.ar/accommodation,,СРЕДНИЙ,,,,,
El Canto de la Ballena,bungalow,wa.me/5492804343745,,@el_canto_de_la_ballena,welcomeargentina.com/puertopiramides/bungalows-el-canto-de-la-ballena.html,Можно с животными,СРЕДНИЙ,,,,,
Cabanas El Cristal,cabaña,wa.me/5492804354256,,@hospedajeelcristal,welcomeargentina.com/puertopiramides/cabanas-el-cristal.html,Wi-Fi,СРЕДНИЙ,,,,,
Complejo Phira,cabaña,wa.me/5492804674075,,@complejophira,puertopiramides.gov.ar/accommodation,,СРЕДНИЙ,,,,,
Raices,bungalow,wa.me/5492804321855,,@raicespuertopiramides,welcomeargentina.com/puertopiramides/bungalows-raices.html,Wi-Fi,СРЕДНИЙ,,,,,
La Escondida,bungalow,wa.me/5492804691661,,@laescondida.piramides,welcomeargentina.com/puertopiramides/bungalows-la-escondida.html,Можно с животными,СРЕДНИЙ,,,,,
Espacio Verde,cabaña,wa.me/5492804191214,casaspuertopiramides@gmail.com,,puertopiramides.gov.ar/accommodation,У моря кухня. Контора La Morada de Lola,СРЕДНИЙ,,,,,
Siempre Verde,cabaña,wa.me/5492804191214,casaspuertopiramides@gmail.com,,welcomeargentina.com/puertopiramides/cabanas-siempre-verde.html,Wi-Fi. Контора La Morada de Lola,СРЕДНИЙ,,,,,
Mar de Olivillos,bungalow,wa.me/5492804001112,almaralquilerestemporarios@gmail.com,,welcomeargentina.com/puertopiramides/bungalows-mar-de-olivillos.html,Контора Almar,СРЕДНИЙ,,,,,
Bella Vista,дом,wa.me/5492804202516,bellavistacasademar@gmail.com,,welcomeargentina.com/puertopiramides/bungalows-bella-vista.html,Дома на 4 и 6 чел панорамный вид,СРЕДНИЙ,,,,,Объявление могло быть неактивным - уточнить
Hidden House B&B,B&B,wa.me/5492804291462,hiddenhouse@gmail.com,,puertopiramides.gov.ar/accommodation,,НИЗКИЙ,,,,,
Trotamundo Piramides,bungalow,,,,welcomeargentina.com/puertopiramides/bungalow-trotamundo-piramides.html,Тот самый El Trotamundos,СРЕДНИЙ,,,,,
Girasoles de Valdes,bungalow,,,,welcomeargentina.com/puertopiramides/departamentos-girasoles-de-valdes.html,Wi-Fi можно с животными,СРЕДНИЙ,,,,,
De Luna,bungalow,,info@deluna.com.ar,,welcomeargentina.com/puertopiramides/departamentos-de-luna.html,Wi-Fi. Та же семья что Hotel Del Nomade,СРЕДНИЙ,,,,,
Viejo Lobo de Mar,bungalow,,,,welcomeargentina.com/puertopiramides/bu
